Country,LAType,LAName, Totalestablishments(includingnotyetrated&outside) ,Establishmentsnotyetratedforintervention,Establishmentsoutsidetheprogramme,Total%ofBroadlyCompliantestablishmentsratedA-E,Total%ofBroadlyCompliantestablishments(includingnotyetrated),Aratedestablishments,Total%ofBroadlyCompliantestablishments-A,Bratedestablishments,Total%ofBroadlyCompliantestablishments-B,Cratedestablishments,Total%ofBroadlyCompliantestablishments-C,Dratedestablishments,Total%ofBroadlyCompliantestablishments-D,Eratedestablishments,Total%ofBroadlyCompliantestablishments-E,Total%ofInterventionsachieved(premisesratedA-E),Total%ofInterventionsachieved-premisesratedA,Total%ofInterventionsachieved-premisesratedB,Total%ofInterventionsachieved-premisesratedC,Total%ofInterventionsachieved-premisesratedD,Total%ofInterventionsachieved-premisesratedE,Total%ofInterventionsachieved-premisesnotyetrated,Totalnumberofestablishmentssubjecttoformalenforcementactions-Voluntaryclosure,"Totalnumberofestablishmentssubjecttoformalenforcementactions-Seizure,detention&surrenderoffood",Totalnumberofestablishmentssubjecttoformalenforcementactions-Suspension/revocationofapprovalorlicence,Totalnumberofestablishmentssubjecttoformalenforcementactions-Hygieneemergencyprohibitionnotice,Totalnumberofestablishmentssubjecttoformalenforcementactions-Prohibitionorder,Totalnumberofestablishmentssubjecttoformalenforcementactions-Simplecaution,Totalnumberofestablishmentssubjecttoformalenforcementactions-Hygieneimprovementnotices,Totalnumberofestablishmentssubjecttoformalenforcementactions-Remedialaction&detentionnotices,TotalnumberofestablishmentssubjecttoWrittenwarnings,Totalnumberofestablishmentssubjecttoformalenforcementactions-Prosecutionsconcluded,ProfessionalFullTimeEquivalentPosts-occupied *
England,District Council,Adur and Worthing ,1478,24,0,97.18,95.6,3,33.33,39,69.23,227,91.19,592,98.99,593,99.83,96.09,100,100,95.48,96.04,94,100,5,4,0,0,0,0,3,0,323,0,5
England,District Council,Allerdale,1316,29,74,97.2,94.93,2,50,26,76.92,243,90.12,469,99.36,473,100,90.59,100,98.33,89.71,92.95,85.09,100,0,0,0,0,0,0,6,0,413,0,4
England,District Council,Amber Valley,1112,1,0,97.48,97.39,2,50,39,64.1,179,93.85,432,99.54,459,100,88.92,100,95.08,96.95,91.82,72.32,100,0,0,0,0,0,1,11,0,515,1,3.5
England,District Council,Arun,1208,44,1,97.68,94.12,3,0,28,82.14,211,94.31,483,98.55,438,100,93.95,100,96.3,94.4,92.57,95.51,95.36,2,0,0,0,0,0,3,0,386,0,4
England,District Council,Ashfield,905,26,1,96.7,93.92,1,0,31,77.42,145,89.66,353,98.3,348,100,80.69,60,100,78.82,85.29,68.27,79.61,1,0,0,0,0,0,4,0,252,0,2
England,District Council,Ashford,1132,0,0,98.59,98.59,5,20,15,66.67,125,96.8,453,99.34,534,100,79.96,80,95.83,92.55,73.78,78.77,100,0,0,0,0,0,0,0,0,224,0,4.65
England,District Council,Aylesbury Vale ,1746,58,214,98.37,94.65,1,0,20,55,270,95.56,555,99.64,628,100,95.55,100,97.96,95.32,92.44,98.52,74.65,0,0,1,0,1,0,3,0,223,0,2.5
England,District Council,Babergh and Mid Suffolk,2002,40,39,97.66,95.67,4,50,44,75,219,88.58,626,99.36,1030,99.71,82.85,100,92.86,95.53,93.07,53.87,100,0,0,0,0,0,0,2,0,152,2,5
England,District Council,Barrow-in-Furness,574,41,0,94.37,87.63,1,0,31,38.71,96,90.63,186,99.46,219,100,85.81,100,83.33,86.44,93.5,73.49,68.93,0,0,0,0,0,0,1,0,179,0,2
England,District Council,Basildon,1400,84,42,97.25,91.24,4,50,36,75,190,91.05,519,98.84,525,99.81,89.46,100,90.24,94.3,88.55,85.37,76.26,0,0,0,0,0,0,2,0,175,0,4.2
England,District Council,Basingstoke and Deane,1191,11,0,99.07,98.15,0,NP,17,70.59,171,96.49,455,100,537,100,94.56,100,97.87,94.9,95.22,92.22,100,0,0,0,0,0,0,1,0,291,0,2.9
England,District Council,Bassetlaw,1054,25,11,99.31,96.93,2,50,11,72.73,116,98.28,443,99.77,446,100,93.55,100,96.43,96.59,94.07,90.07,100,0,0,0,0,0,0,1,0,30,0,2.6
England,District Council,Blaby,835,51,0,96.05,90.18,1,100,30,66.67,132,87.12,213,98.12,408,100,87.54,100,90,86,83.78,100,100,1,0,0,4,1,0,1,0,92,0,2
England,District Council,Bolsover,694,16,9,98.06,95.77,0,NP,27,77.78,118,94.92,281,99.64,243,100,100,100,100,100,100,100,100,1,3,0,0,0,0,1,0,101,1,1.5
England,District Council,Boston,694,9,78,98.19,96.75,2,50,14,71.43,70,97.14,233,98.28,288,100,99.46,100,100,98.08,100,99.23,100,1,0,0,0,0,0,2,0,87,0,2.4
England,District Council,Braintree,1258,27,12,94.91,92.86,4,25,56,62.5,199,84.92,479,98.33,481,100,90.02,100,97.83,98.78,94,78.19,92.16,4,0,0,0,0,0,11,0,299,0,3
England,District Council,Breckland,1461,48,0,98.66,95.41,2,50,90,90,230,96.52,410,99.76,681,100,88.01,100,86.02,90.85,84.34,90.65,90.51,0,0,0,0,0,0,4,0,146,0,4.15
England,District Council,Brentwood,651,1,0,97.85,97.7,1,0,24,79.17,105,93.33,277,99.64,243,100,100,100,100,100,100,100,100,1,0,0,0,0,1,1,0,222,1,2
England,District Council,Broadland,1232,21,110,99.18,97.33,1,0,38,89.47,170,97.65,369,100,523,100,83.26,100,100,97.75,96.51,46.84,97.12,0,0,0,0,0,0,0,0,358,0,2.08
England,District Council,Bromsgrove,759,64,0,97.84,89.59,0,NP,25,80,149,94.63,278,99.64,243,99.59,77.98,100,93.94,95.73,84.51,45.7,67.25,0,0,0,1,0,0,0,1,202,0,2.06
England,District Council,Broxbourne,,,,,,,,,,,,,,,,,,,,,,,,,,,,,,,,,
England,District Council,Broxtowe,883,33,19,93.5,89.93,8,12.5,57,73.68,177,88.14,275,96,314,100,97.25,100,96.43,98.96,95.65,96.77,100,0,0,0,0,0,0,2,0,307,0,2.7
England,District Council,Burnley,944,42,19,97.4,92.97,1,0,28,78.57,120,92.5,331,97.89,403,100,90.41,100,88.89,92.45,85.28,100,74.34,5,0,0,0,0,0,0,0,201,0,3.1
England,District Council,Cambridge City,1588,94,103,96.84,90.71,4,0,66,80.3,330,92.73,523,99.43,468,100,96.66,100,100,96.4,94.5,98.51,91.18,2,0,0,0,0,0,0,0,448,2,4.35
England,District Council,Cannock Chase,845,26,0,99.15,96.09,2,0,9,66.67,66,98.48,355,99.72,387,100,95.58,NR,97.78,99.3,97.75,85.53,84.25,1,1,0,0,0,1,1,0,151,0,1.88
England,District Council,Canterbury City,1617,41,0,99.43,96.91,3,33.33,36,91.67,291,98.63,609,100,637,100,90.72,90,98.21,88.46,90.48,91.41,100,1,0,0,0,0,0,1,0,377,0,3.15
England,District Council,Carlisle City,1143,9,85,99.43,98.58,0,NP,8,75,153,98.69,499,99.8,389,99.74,93.33,100,100,98.54,92.83,86.96,91.74,2,0,0,0,0,0,2,0,142,0,2.5
England,District Council,Castle Point,510,15,0,89.49,86.86,1,0,17,5.88,112,75,186,96.24,179,100,97.58,NR,100,97.39,100,90.38,97.01,2,0,0,0,0,0,1,0,149,0,1.15
England,District Council,Charnwood,1520,50,0,96.39,93.22,6,0,58,77.59,230,88.26,542,98.71,634,100,86.65,100,98.28,95.75,82.02,80.37,96.32,1,1,0,1,1,1,9,0,432,0,4.5
England,District Council,Chelmsford,1402,50,14,97.38,93.88,0,NP,43,67.44,198,91.41,577,99.31,520,100,90.41,100,100,100,99.12,60.64,100,1,0,0,0,0,0,12,2,328,0,3
England,District Council,Cheltenham,969,35,0,98.61,95.05,0,NP,36,88.89,230,97.39,404,99.26,264,100,92.21,100,96.83,84.16,96.67,95.92,100,0,0,0,0,0,0,0,0,355,0,3
England,District Council,Cherwell,1237,242,8,96.86,77.79,5,0,52,80.77,225,94.22,400,99.25,305,100,84.2,100,89.19,93.01,86.04,60,100,1,0,0,0,0,0,2,0,418,0,6
England,District Council,Chesterfield,1107,55,55,97.29,92.21,1,0,17,82.35,152,86.18,345,99.42,482,100,98.69,100,100,97.62,98.94,99.05,100,0,0,0,0,0,0,0,0,187,0,2.4
England,District Council,Chichester,1543,47,43,97.45,94.4,3,33.33,56,80.36,287,93.73,621,99.03,486,100,82.51,100,95.6,93.36,84.43,57.38,79.83,0,0,0,0,0,0,5,0,413,2,4.5
England,District Council,Chiltern,803,55,16,96.04,89.33,5,0,23,69.57,172,92.44,194,97.94,338,100,91.13,88.89,100,98.55,95.15,76.23,100,1,0,0,0,0,1,7,0,197,0,1.6
England,District Council,Chorley ?,,,,,,,,,,,,,,,,,,,,,,,,,,,,,,,,,
England,District Council,Colchester,1634,50,0,98.55,95.53,1,100,25,80,588,97.79,258,98.06,712,100,92.61,100,95.35,96.06,88.89,83.58,95.57,0,0,0,0,0,0,5,0,372,0,4.3
England,District Council,Copeland,675,5,2,98.2,97.47,2,0,22,81.82,103,97.09,278,98.92,263,100,95.23,100,100,97.58,95.24,86.76,100,0,0,0,0,0,0,1,0,81,0,2.4
England,District Council,Corby,418,9,0,96.09,94.02,0,NP,19,47.37,110,94.55,109,100,171,100,87.61,100,84.62,94.48,95.74,76.8,70.37,1,1,0,0,0,0,2,0,85,0,2
England,District Council,Cotswold,1150,10,88,98.86,97.93,2,50,39,92.31,201,96.02,394,100,416,100,96.41,88.89,98.21,98.81,98.13,87.5,100,0,0,0,0,0,0,8,0,327,0,2.33
England,District Council,Craven,921,80,148,98.27,88.1,5,20,22,86.36,111,96.4,305,99.67,250,100,83.11,75,87.8,79.73,84.9,78.75,55.86,0,0,0,0,0,0,0,0,226,0,2.5
England,District Council,Crawley,860,41,0,98.9,94.19,1,0,9,77.78,111,95.5,323,99.69,375,100,92.36,100,92.86,96.63,92.7,87.85,100,3,1,0,0,0,0,1,0,164,0,8
England,District Council,Dacorum,1527,311,36,96.36,76.26,8,12.5,50,68,207,90.82,468,99.79,447,100,97.03,88.89,94.59,97.97,99.01,94.89,74.29,1,0,0,0,0,1,22,0,221,1,1.5
England,District Council,Dartford,957,25,0,95.49,93,2,0,34,50,165,90.3,345,97.97,386,100,83.52,100,95.65,86.49,87.9,71.31,100,1,0,0,0,0,0,0,0,328,0,2.2
England,District Council,Daventry,889,10,0,98.41,97.3,2,50,11,54.55,105,92.38,318,100,443,100,84.09,100,93.75,89.23,93.9,72,100,1,0,0,0,0,0,1,0,92,0,2
England,District Council,Derbyshire Dales,1379,37,286,97.92,94.6,2,0,30,70,188,95.21,473,99.58,363,100,91.81,100,90,95.63,91.16,80,100,2,0,0,0,0,0,0,0,187,0,3
England,District Council,Dover,1424,95,133,97.58,90.4,4,0,20,60,166,90.36,462,99.78,544,100,90.2,100,98.15,87.35,91.49,87.68,100,1,0,0,0,0,0,1,0,328,0,2.53
England,District Council,East Cambridgeshire,799,30,2,98.44,94.73,1,0,18,77.78,120,96.67,288,98.96,340,100,95.3,100,100,93.01,95.03,95.95,100,2,1,0,0,0,0,0,0,211,0,2.85
England,District Council,East Devon,1739,54,0,95.73,92.75,5,0,87,68.97,294,89.46,517,98.45,782,99.87,96.22,100,100,96.42,96.49,90.04,100,1,0,0,0,0,0,34,0,409,0,4
England,District Council,East Dorset (1),840,97,0,99.19,87.74,0,NP,16,87.5,89,96.63,305,99.67,333,100,56.96,100,94.12,90.24,73.17,29.84,83.97,0,0,0,0,0,0,0,0,91,0,1.8
England,District Council,East Hampshire (2),993,62,26,99.12,92.76,3,33.33,17,88.24,141,98.58,359,99.44,385,100,82.59,100,100,88.5,80.31,76.51,64.85,1,0,0,0,0,0,0,0,337,0,3.31
England,District Council,East Hertfordshire ?,,,,,,,,,,,,,,,,,,,,,,,,,,,,,,,,,
England,District Council,East Lindsey,2423,67,248,97.3,94.3,7,0,71,74.65,317,92.74,1033,99.13,680,100,88.35,100,93.75,90.88,94.84,70.68,80.12,0,0,0,0,0,13,34,0,745,1,5
England,District Council,East Northamptonshire,874,40,49,98.34,93.58,0,NP,15,60,99,95.96,278,98.92,393,100,92.02,NR,97.06,93.04,88.02,94.62,77.94,0,0,0,0,0,0,3,0,137,0,2.2
England,District Council,East Staffordshire,1098,38,0,96.04,92.71,0,NP,33,66.67,220,92.73,377,96.29,430,99.77,91.96,NR,95.56,98.01,94.17,77.78,95.24,1,0,0,0,0,0,4,0,420,0,3.2
England,District Council,East Suffolk,2526,53,78,98.2,96.08,3,33.33,51,74.51,387,93.28,945,99.79,1009,100,93.37,100,92.65,94.78,89.54,97.53,100,1,0,0,0,0,0,0,0,504,0,7.07
England,District Council,Eastbourne,983,42,0,96.39,92.27,3,0,20,40,148,89.19,350,99.14,420,100,87.4,100,100,66.43,100,100,89.03,3,0,0,0,0,0,0,0,206,0,2.75
England,District Council,Eastleigh,866,3,0,99.3,98.96,0,NP,22,90.91,119,97.48,320,99.69,402,100,92.51,100,100,91.01,92.03,93.07,93.75,0,0,0,0,0,0,2,0,298,0,2
England,District Council,Eden,1013,13,75,97.51,96.16,4,0,22,77.27,122,90.16,341,99.71,436,99.77,96.5,100,100,96.22,99.22,91.58,96.84,0,0,0,0,0,0,2,0,144,0,4.5
England,District Council,Elmbridge,1208,162,0,97.99,84.85,1,0,14,64.29,204,96.57,458,98.25,369,100,88.84,100,100,90.91,88.34,84.76,100,0,0,0,0,0,0,0,0,118,0,2.65
England,District Council,Epping Forest,1320,325,49,97.67,72.7,0,NP,31,64.52,225,96.44,434,99.31,256,100,71.77,100,82,78.17,67.52,66.67,100,0,3,0,0,0,0,4,0,38,0,2.75
England,District Council,Epsom and Ewell,512,64,0,94.64,82.81,2,0,27,59.26,116,92.24,132,98.48,171,100,85,100,97.14,98.97,97.37,20.45,100,2,0,0,0,0,0,4,0,115,1,1.2
England,District Council,Erewash,943,18,0,97.62,95.76,1,0,27,85.19,164,92.68,291,98.28,442,100,98.86,100,97.73,99.5,99.39,97.37,100,1,0,0,0,0,0,10,0,331,0,2.8
England,District Council,Exeter City,1161,39,0,97.59,94.32,0,NP,32,84.38,182,93.96,592,98.31,316,99.68,94.06,100,97.83,95.68,89.96,98.64,100,1,0,0,0,0,0,2,0,301,0,3
England,District Council,Fareham,798,31,8,95.52,91.77,11,18.18,32,65.63,138,92.75,258,98.45,320,100,95.85,100,97.26,95.31,95.93,93.98,100,0,3,0,0,0,0,7,0,138,0,2.6
England,District Council,Fenland,801,18,0,97.57,95.38,4,0,23,82.61,118,93.22,300,99,338,100,95.36,100,88.89,96.94,96.4,93.15,100,4,0,0,0,0,1,4,1,212,1,2.75
England,District Council,Folkestone & Hythe  ,1194,25,45,97.15,95.04,4,0,23,82.61,240,91.25,456,99.34,401,100,95.9,100,98.21,96.9,94.93,94.57,100,0,0,0,0,0,0,0,1,236,0,2.7
England,District Council,Forest of Dean,829,13,32,99.87,98.24,0,NP,14,92.86,103,100,295,100,372,100,92.01,NR,97.83,93.41,94.57,87.07,100,0,0,0,0,0,0,0,0,127,0,2.33
England,District Council,Fylde,798,8,0,96.46,95.49,7,14.29,31,74.19,146,91.78,304,99.34,302,100,98.94,100,97.75,99.34,98.44,100,100,3,0,0,0,0,1,9,0,340,1,3
England,District Council,Gedling,846,70,0,98.71,90.54,0,NP,8,25,129,96.9,287,100,352,100,93.91,NR,77.78,94.59,93.57,96.15,100,0,0,0,0,0,0,1,0,140,0,3
England,District Council,Gloucester City,983,5,0,97.14,96.64,2,0,17,41.18,113,89.38,418,99.04,428,100,94.77,100,100,100,92.59,92.74,100,3,0,0,0,0,0,5,0,283,0,2.5
England,District Council,Gosport,622,30,0,97.97,93.25,3,0,3,66.67,64,90.63,263,99.24,259,100,92.55,100,100,98.78,95.24,77.27,100,0,0,0,0,0,0,2,0,82,0,2.6
England,District Council,Gravesham,918,20,216,97.8,95.01,0,NP,10,50,90,93.33,335,98.81,247,100,97.83,100,100,97.59,97.87,97.59,100,1,0,0,0,0,0,3,0,202,0,3.15
England,District Council,Great Yarmouth  ,1120,73,0,96.85,90.54,0,NP,31,58.06,230,92.61,421,99.29,365,100,69.77,100,90.48,70.59,66.99,60.78,99.08,1,0,0,0,0,0,2,0,323,0,2.4
England,District Council,Guildford,1106,44,8,97.63,93.72,1,0,28,71.43,197,93.91,441,99.32,387,99.74,84.63,100,93.1,92.59,84.04,67.61,88.59,1,0,0,0,0,0,3,0,257,0,3.01
England,District Council,Hambleton,1114,128,0,98.88,87.52,0,NP,13,84.62,106,93.4,413,99.52,454,100,97.05,100,96.88,99.07,94.22,99.05,100,1,0,0,0,0,0,0,1,407,0,1.8
England,District Council,Harborough,894,15,0,99.09,97.43,0,NP,14,85.71,108,94.44,325,100,432,100,45.11,100,100,95.24,91.53,11.93,100,0,0,0,0,0,1,0,0,129,0,2
England,District Council,Harlow,713,15,0,97.42,95.37,2,0,9,66.67,100,89,248,99.19,339,100,83.64,100,94.74,99.13,90.26,57.25,100,4,1,0,0,0,0,3,1,114,1,2.4
England,District Council,Harrogate,2082,284,114,98.22,84.04,2,0,58,87.93,289,94.12,648,99.69,687,99.71,65.02,100,100,96.53,89.14,16.94,100,0,0,0,0,0,0,0,0,505,0,4.6
England,District Council,Hart,726,25,0,97,93.66,0,NP,19,68.42,126,90.48,234,98.72,322,100,84.95,100,92.59,96.67,93.94,58.54,100,0,0,0,0,0,2,5,0,229,0,2
England,District Council,Hastings,874,88,0,99.24,89.24,0,NP,13,76.92,105,98.1,397,100,271,99.63,71.38,NR,50,84.91,69.34,68.42,65.81,1,0,0,0,0,0,1,0,188,0,2.5
England,District Council,Havant,826,33,25,98.7,94.63,0,NP,28,92.86,66,92.42,330,99.09,344,100,92.98,NR,95.83,84.62,92.59,96.15,60.98,0,0,0,0,0,0,1,0,127,0,3.05
England,District Council,Hertsmere,829,34,12,93.1,89.23,3,33.33,37,45.95,199,89.45,272,95.96,272,100,94.81,100,97.22,100,96.46,74.65,100,9,2,0,2,0,0,12,0,338,0,3
England,District Council,High Peak,1095,17,0,98.61,97.08,3,33.33,20,75,172,95.93,374,99.73,509,100,100,100,100,100,100,100,100,2,0,0,0,0,0,1,0,334,0,2
England,District Council,Hinckley and Bosworth,1009,37,0,97.94,94.35,1,0,22,72.73,159,96.23,385,98.18,405,100,92.5,100,94.59,94.24,91.25,91.09,100,2,0,0,0,0,0,1,0,218,0,3
England,District Council,Horsham,1295,118,0,98.22,89.27,1,0,21,90.48,217,94.47,458,99.34,480,99.38,87.27,100,97.37,99.24,97.64,59.87,100,0,1,0,0,0,0,0,0,396,0,2.8
England,District Council,Huntingdonshire,1480,119,61,97.31,89.15,3,0,63,73.02,291,95.88,450,99.56,493,99.8,71.95,100,100,87.28,79.7,28.76,98.63,0,0,0,0,0,0,1,0,404,0,2.3
England,District Council,Hyndburn ?,,,,,,,,,,,,,,,,,,,,,,,,,,,,,,,,,
England,District Council,Ipswich,1231,78,21,98.5,92.15,0,NP,6,16.67,158,93.04,514,99.81,454,100,68.93,100,93.33,60.5,53.18,99.37,100,0,0,0,0,0,0,1,0,75,0,3.5
England,District Council,Kettering,914,53,0,98.95,93.22,1,0,8,62.5,108,96.3,315,99.68,429,100,87.5,NR,100,90.14,88.57,80.58,100,0,0,0,0,0,0,4,0,140,0,1.6
England,District Council,King's Lynn and West Norfolk,1674,52,0,96.49,93.49,5,40,92,81.52,313,90.73,510,98.43,702,100,94.51,100,97,92.79,96.12,92.31,67.85,2,1,0,1,0,1,2,0,532,0,5.2
England,District Council,Lancaster City,1416,47,0,95.98,92.8,1,0,52,59.62,235,88.94,479,98.54,602,100,84.12,100,96.25,95.3,83.28,66.67,99.34,0,0,0,0,1,0,10,0,490,2,4.7
England,District Council,Lewes,922,58,1,95.71,89.69,6,0,21,47.62,124,86.29,284,98.94,428,100,82.26,33.33,88.64,83,76.87,85.87,100,0,0,0,0,0,0,0,0,80,0,2.6
England,District Council,Lichfield,901,49,0,94.37,89.23,5,0,55,70.91,169,89.35,261,96.93,362,99.72,90.64,85.71,85.07,94.44,84.13,97.87,100,0,0,0,0,0,1,5,0,272,1,3.3
England,District Council,Lincoln City,1039,20,0,98.72,96.82,1,100,8,62.5,152,95.39,466,99.36,392,100,96.81,100,100,98.82,96.58,91.45,100,2,2,0,0,0,0,1,0,249,0,3.5
England,District Council,Maidstone,1330,39,48,96.78,93.84,1,100,30,43.33,152,86.84,506,99.6,554,99.82,98.15,100,100,98.25,98.56,97.46,100,0,0,0,2,0,1,10,0,331,1,4.1
England,District Council,Maldon,675,37,0,99.06,93.63,0,NP,5,80,80,95,287,99.65,266,100,93.73,NR,100,95.31,93.86,92.22,100,0,0,0,0,0,0,1,0,86,0,2
England,District Council,Malvern Hills,829,96,9,98.76,87.2,0,NP,17,82.35,142,96.48,255,99.61,310,100,62.52,100,66.67,76.34,72.56,38.37,57.63,0,0,0,0,0,0,1,0,141,0,2.06
England,District Council,Mansfield  ,891,26,74,90.01,87.15,10,10,49,57.14,205,82.44,255,94.9,272,100,95.3,100,100,96.17,95.03,82.54,80.73,4,8,0,1,2,0,5,0,363,1,3.9
England,District Council,Melton,510,4,6,97.6,96.83,1,100,20,75,92,93.48,155,99.35,232,100,99.28,100,100,100,97.59,100,100,0,0,0,0,0,1,7,1,120,0,1.65
England,District Council,Mendip,1446,213,26,99.01,84.15,0,NP,13,53.85,144,97.92,505,99.41,545,100,84.28,NR,92.31,85.71,81.3,90.41,66.24,0,1,0,0,0,0,2,0,219,0,2.6
England,District Council,Mid Devon,853,76,2,98.45,89.66,4,25,24,83.33,77,94.81,271,100,399,99.75,85.07,92.86,91.43,80.68,82.38,91.43,100,0,0,0,0,0,0,0,0,106,1,2
England,District Council,Mid Sussex,1307,0,0,98.39,98.39,4,0,24,58.33,201,97.01,546,99.82,532,100,100,100,100,100,100,100,100,2,0,0,0,0,0,4,0,301,0,3.7
England,District Council,Mole Valley,715,21,0,98.56,95.66,0,NP,17,82.35,125,94.4,264,100,288,100,100,NR,100,100,100,100,100,0,0,0,0,0,0,2,0,193,0,2
England,District Council,New Forest,1837,12,1,96.98,96.35,5,60,54,68.52,332,92.77,619,98.22,814,99.88,78.06,92.86,93.98,91.46,94.98,50.46,89.47,0,0,0,0,0,0,10,0,630,0,4.89
England,District Council,Newark and Sherwood,1078,49,7,98.83,94.3,3,33.33,26,80.77,151,97.35,401,99.75,441,100,92.78,100,98.53,97.9,91.61,88.5,100,1,0,0,1,0,0,3,0,137,0,3
England,District Council,Newcastle-Under-Lyme,1105,25,8,98.79,96.54,0,NP,30,76.67,154,97.4,360,99.44,528,100,96.96,100,100,96.43,94.97,99,100,1,0,0,0,0,0,1,0,354,0,4
England,District Council,North Devon,1647,131,0,99.27,91.38,0,NP,17,70.59,300,98.67,409,100,790,99.75,88.12,100,56.25,64.6,81.35,98.5,100,0,0,0,0,0,1,1,1,297,0,2.2
England,District Council,North Dorset (1),830,25,0,99.63,96.63,0,NP,9,88.89,87,97.7,284,100,425,100,94.13,NR,91.67,95.58,87.74,96.84,94.19,0,0,0,0,0,0,0,0,130,0,2.5
England,District Council,North East Derbyshire,816,13,16,96.7,95.13,4,0,32,65.63,157,95.54,280,98.57,314,100,99.68,100,100,100,100,99.3,100,0,2,0,0,0,0,0,0,174,1,1.5
England,District Council,North Hertfordshire,1191,40,12,95.7,92.45,3,33.33,32,59.38,230,87.83,378,98.41,496,100,96.53,100,98.68,96.72,94.09,98.72,84.72,0,0,0,0,0,1,2,0,327,1,2.75
England,District Council,North Kesteven,1173,25,0,98.08,95.99,1,100,25,52,120,92.5,360,99.72,642,100,96.9,100,97.5,98.25,97.69,95.28,98.46,0,0,0,0,0,0,0,0,175,0,4.2
England,District Council,North Norfolk,2012,139,1,97.97,91.2,3,66.67,47,72.34,249,91.57,561,99.64,1012,99.9,58.85,100,95.71,98.57,86.79,11.64,96.38,1,0,0,0,0,0,4,0,444,0,5.2
England,District Council,North Warwickshire,770,10,159,96.67,95.09,2,0,43,88.37,126,92.86,210,98.1,220,100,96.86,100,100,99.21,97.32,88.16,100,2,0,0,0,0,0,2,0,305,2,3.2
England,District Council,North West Leicestershire,904,48,0,96.61,91.48,1,0,28,50,139,92.81,361,98.89,327,100,86.6,100,93.75,96.81,85.82,70.73,100,0,0,0,0,0,0,6,0,69,0,3.6
England,District Council,Northampton,1770,136,0,95.78,88.42,3,33.33,103,80.58,396,92.93,628,96.97,504,100,73.7,83.33,99.29,83.04,66.91,22.54,70.68,1,2,0,0,0,2,23,0,634,0,3.7
England,District Council,Norwich City,1565,77,1,96.5,91.75,1,0,70,78.57,412,93.2,514,98.44,490,100,96.25,100,100,95.35,94.89,96.35,89.18,8,1,0,0,0,0,9,1,499,0,7
England,District Council,Nuneaton and Bedworth  ,986,99,0,94.36,84.89,1,0,41,51.22,150,86.67,330,97.58,365,99.73,92.15,NR,100,100,97.71,79.78,100,0,0,0,0,0,0,0,0,270,0,3
England,District Council,Oadby and Wigston,389,14,8,94.28,90.81,4,25,22,40.91,55,90.91,103,100,183,100,63.7,50,66.67,92.68,75,11.43,100,2,0,0,0,0,1,2,0,76,0,2
England,District Council,Oxford City,1375,27,0,95.18,93.31,0,NP,48,60.42,259,86.49,695,98.42,346,100,67.6,100,83.64,85.97,58.52,51.28,100,4,2,0,2,0,0,11,0,384,0,2.9
England,District Council,Pendle,809,18,0,94.44,92.34,6,0,45,42.22,119,92.44,271,98.89,350,100,55.68,100,89.83,80.39,62.7,13.13,100,1,1,0,0,0,1,50,3,188,0,2.5
England,District Council,Preston,1426,30,0,97.42,95.37,4,50,73,82.19,213,95.31,646,98.3,460,100,58.65,100,87.21,86.1,50.55,43.84,99.24,1,0,0,0,0,0,1,0,110,0,5.25
England,District Council,Purbeck (1),661,12,0,99.54,97.73,0,NP,26,100,94,97.87,276,99.64,253,100,93.08,NR,80,92.31,92.81,100,94.87,0,0,0,0,0,0,0,0,134,0,1.5
England,District Council,Redditch,591,122,0,97.44,77.33,1,100,21,71.43,95,95.79,214,99.07,138,100,74.23,50,96.77,86.67,76.67,40.58,38.8,0,0,0,0,0,0,0,0,121,0,2.06
England,District Council,Reigate and Banstead,1022,114,0,97.36,86.5,2,0,24,54.17,157,94.27,312,99.36,413,100,93.74,100,100,94.57,96.1,87.16,100,1,0,0,0,0,0,4,0,303,0,3
England,District Council,Ribble Valley,727,35,0,96.82,92.16,0,NP,16,87.5,109,94.5,303,96.04,264,99.24,81.84,100,80.65,94.44,81.98,45.16,98.8,0,0,0,0,0,0,0,0,247,0,1.66
England,District Council,Richmondshire,678,16,31,98.42,95.98,0,NP,12,66.67,80,92.5,301,100,238,100,97.07,NR,96.43,98.78,96.98,95.45,100,0,0,0,0,0,0,0,0,274,0,1.5
England,District Council,Rochford  ,623,65,1,99.28,88.91,0,NP,19,94.74,58,96.55,190,99.47,290,100,74.6,100,95.24,100,82.61,54.05,100,0,0,0,0,0,0,13,0,129,0,1.9
England,District Council,Rossendale  ,777,15,133,97.46,95.19,0,NP,21,52.38,85,95.29,230,99.13,293,100,77.24,100,82.14,82.81,86.4,59.14,100,1,0,0,1,1,0,0,0,37,0,1.6
England,District Council,Rother and Wealden,2455,45,0,98.46,96.66,2,50,177,94.35,575,96,839,99.64,817,100,96.6,100,95.71,97.19,95.97,97.28,100,0,0,0,0,0,0,5,0,509,0,5.24
England,District Council,Rugby,920,34,4,92.74,89.3,3,33.33,36,44.44,175,85.71,301,94.68,367,99.73,96.94,100,100,99.21,94.19,94.94,95.31,0,0,0,0,0,0,28,0,297,0,2.5
England,District Council,Runnymede,770,20,0,93.73,91.3,9,0,24,25,130,88.46,253,98.02,334,100,86.51,100,94.55,85.57,86.3,79.41,100,2,0,0,0,0,1,6,0,121,0,1.89
England,District Council,Rushcliffe,860,59,0,94.01,87.56,4,0,60,61.67,162,87.65,321,99.69,254,100,97.21,100,91.14,98.08,98.22,98.65,100,1,0,0,0,0,0,2,0,123,0,3
England,District Council,Rushmoor,745,9,0,97.15,95.97,1,100,14,78.57,115,92.17,319,97.18,287,100,95.98,100,100,92.79,97.21,96.1,100,6,6,0,0,0,0,1,0,286,0,2.1
England,District Council,Ryedale,949,92,194,98.19,86.23,0,NP,20,80,116,93.97,317,100,210,99.52,94.21,NR,77.78,100,96,64.29,100,0,0,0,0,0,0,2,0,183,1,1.5
England,District Council,Scarborough,2064,136,282,97.39,89.96,3,0,34,61.76,237,92.83,835,98.8,537,100,73.07,100,93.48,82.87,79.87,48.41,100,0,0,0,0,0,0,0,0,457,0,3.18
England,District Council,Sedgemoor,1456,35,0,99.44,97.05,1,0,20,85,121,97.52,512,100,767,99.87,99.35,80,100,100,99.27,99.45,97.62,0,0,0,0,0,0,4,0,239,0,3.3
England,District Council,Selby,772,25,0,98.26,95.08,0,NP,7,57.14,93,90.32,316,99.68,331,100,94.74,100,93.33,98.72,94.41,85.71,100,1,0,0,0,0,0,3,0,103,0,1.75
England,District Council,Sevenoaks,939,31,0,95.7,92.55,7,14.29,30,76.67,214,91.59,337,97.63,320,100,68.85,93.75,94.59,65.49,67.12,62.75,100,0,2,0,1,0,0,0,0,255,0,2.2
England,District Council,Somerset West and Taunton,1658,131,40,98.32,90.36,2,0,39,76.92,233,95.71,664,99.55,549,99.82,71.11,100,80.33,74.07,71.2,65.45,53.45,1,0,0,0,0,2,2,0,368,0,2.8
England,District Council,South Buckinghamshire,622,23,12,97.96,94.26,0,NP,13,92.31,135,96.3,227,97.36,212,100,94.67,100,100,96.08,98.23,79.17,100,0,1,0,0,1,0,1,0,164,1,1.6
England,District Council,South Cambridgeshire (2),1419,218,114,98.34,81.92,1,0,81,95.06,128,93.75,477,99.16,400,99.75,74.91,100,97.5,83.48,78.1,56,100,0,0,0,0,0,0,10,0,477,1,2
England,District Council,South Derbyshire  ,841,13,11,99.39,97.83,1,0,16,81.25,101,99.01,311,100,388,100,94.89,100,91.67,97.53,91.72,97.48,100,0,0,0,0,0,0,4,0,224,0,2.21
England,District Council,South Hams,1265,42,0,98.86,95.57,2,50,41,87.8,173,95.38,531,100,476,100,71.64,100,81.48,83.06,72.32,65.32,67.47,0,0,0,0,0,0,0,0,182,0,1.9
England,District Council,South Holland,947,40,7,98.89,94.68,1,0,22,86.36,122,96.72,290,99.31,465,100,95.63,100,96.3,94.51,92.74,98.62,89.02,1,0,0,0,0,0,0,0,111,0,3
England,District Council,South Kesteven,1325,49,67,97.93,94.12,1,0,36,83.33,213,91.55,463,100,496,100,91.44,100,97.62,96.41,94.09,81.77,100,0,0,0,0,0,0,7,0,222,1,2.75
England,District Council,South Lakeland,1845,86,0,99.26,94.63,2,0,33,87.88,233,97.42,737,99.86,754,100,89.42,100,98.59,96.47,88.63,80.07,90.37,2,1,0,0,0,0,1,0,159,0,4.2
England,District Council,South Norfolk,1128,60,28,98.85,93.45,2,50,25,88,88,94.32,396,99.24,529,100,65.37,90.91,90,75.38,65.52,59.74,70.35,0,0,0,0,0,0,0,0,287,0,2.65
England,District Council,South Northamptonshire,866,9,2,98.01,96.99,5,20,25,80,149,95.3,324,99.69,352,100,93.75,100,92.31,97.41,89.31,96.55,92.68,3,0,0,0,0,0,1,0,172,1,3.2
England,District Council,South Oxfordshire,1225,1,0,97.22,97.14,3,0,92,92.39,309,92.88,333,99.4,487,100,99.85,100,100,99.55,100,100,88.3,2,0,0,1,0,0,9,0,541,0,4
England,District Council,South Ribble  ,958,72,0,99.21,91.75,1,0,28,85.71,112,99.11,335,99.7,410,100,94.34,100,100,95.74,94.92,91.85,100,0,0,0,0,0,0,3,0,326,0,3
England,District Council,South Somerset,2078,82,157,98.91,94.69,0,NP,60,95,261,95.79,715,99.3,803,99.88,97.37,NR,98.98,97.27,98.02,95.15,100,2,0,0,0,0,0,2,0,695,0,4.7
England,District Council,South Staffordshire,834,32,0,98.25,94.48,1,0,21,90.48,120,93.33,291,98.97,369,100,79.96,100,100,97.17,93.96,43.88,100,0,0,0,0,0,0,2,0,166,1,2.3
England,District Council,Spelthorne,744,25,0,94.16,90.99,2,0,22,45.45,165,86.67,244,97.54,286,100,83.57,100,100,95.65,91.73,67.01,100,0,0,0,0,0,0,6,0,354,0,1.8
England,District Council,St Albans City  ,1244,105,143,95.98,86.83,4,25,54,72.22,257,92.22,388,99.48,293,100,91.81,100,97.47,93.85,92.73,78.21,100,2,0,0,0,0,0,0,0,256,0,4.2
England,District Council,Stafford,1330,116,9,96.85,88.34,2,0,38,65.79,208,91.83,406,98.52,551,100,94.3,85.71,98.11,98.22,94.31,87.6,61.65,0,0,0,0,1,0,6,1,328,1,3.4
England,District Council,Staffordshire Moorlands,1010,13,0,97.79,96.53,1,0,38,78.95,196,94.9,309,99.03,453,100,99.57,100,100,100,98.64,100,100,2,0,0,0,0,1,3,2,252,0,2
England,District Council,Stevenage  ,626,18,1,96.05,93.28,2,0,14,14.29,44,81.82,290,99.31,257,100,93.6,100,100,97.92,92.79,92.66,100,0,0,0,0,0,0,0,0,82,0,2
England,District Council,Stratford-on-Avon,1372,29,1,97.69,95.62,2,0,32,62.5,246,94.31,486,99.38,576,100,93.14,100,98.41,94.81,89.03,94.84,100,8,0,0,0,0,0,0,0,360,0,3.6
England,District Council,Stroud,1168,33,4,94.52,91.84,6,33.33,67,62.69,251,88.05,337,99.11,470,100,86.99,100,97.12,86.87,82.97,78.57,100,0,0,0,0,0,1,6,0,365,2,1.75
England,District Council,Surrey Heath,617,3,1,97.06,96.59,0,NP,12,75,102,90.2,267,98.13,232,100,96.91,NR,100,98.88,97.11,92.42,97.87,0,0,0,0,0,0,6,0,289,0,2.05
England,District Council,Swale,1299,34,37,96.82,94.22,1,0,24,41.67,123,82.11,518,99.61,562,100,97.63,100,100,98.62,96.13,98.05,100,0,0,0,0,0,0,5,0,275,1,4.1
England,District Council,Tamworth ?,,,,,,,,,,,,,,,,,,,,,,,,,,,,,,,,,
England,District Council,Tandridge,743,22,0,97.64,94.75,1,100,21,76.19,143,93.01,303,99.34,253,100,74.46,100,93.48,84.94,74.7,45.74,100,1,0,0,0,0,0,3,0,80,0,1.94
England,District Council,Teignbridge,1529,54,10,98.02,94.54,4,25,61,78.69,156,92.95,556,99.64,688,100,58.17,100,60.98,78.76,70,28.11,100,1,0,0,0,0,0,2,0,315,0,4
England,District Council,Tendring   ,1221,177,0,97.51,83.37,3,0,24,58.33,161,93.17,495,99.6,361,100,68.31,66.67,88.33,81.82,66.94,57.44,100,2,0,0,0,0,0,2,0,173,0,2.75
England,District Council,Test Valley,1058,21,13,96.78,94.83,3,33.33,47,65.96,209,94.26,365,99.18,400,100,96.15,100,98.15,92.96,97.46,96.26,85.83,1,0,0,0,0,0,0,0,323,1,3.2
England,District Council,Tewkesbury  ,746,47,0,95.14,89.14,2,50,44,72.73,144,89.58,257,97.67,252,100,79.63,100,76.79,86.39,79.7,66.67,55.34,2,0,0,0,0,0,8,0,102,0,2
England,District Council,Thanet  ,1426,5,0,98.24,97.9,1,0,6,33.33,128,89.84,747,99.2,539,99.81,98.76,100,100,100,97.98,99.51,100,6,0,0,0,0,0,4,0,204,1,3.7
England,District Council,Three Rivers,571,12,0,96.96,94.92,0,NP,16,50,89,89.89,236,100,218,100,90.89,100,100,94.87,93.75,86.34,100,0,0,0,0,0,0,2,0,120,0,1.4
England,District Council,Tonbridge and Malling,1082,23,1,97.35,95.28,1,100,28,82.14,202,91.58,397,98.49,430,100,97.18,100,100,97.25,98.4,92.13,87.41,1,1,0,0,1,0,4,0,382,1,3
England,District Council,Torridge,869,31,43,99.25,95.52,2,50,39,94.87,104,97.12,281,100,369,100,95.14,100,82.76,95.58,97.52,97.5,100,0,0,0,0,0,0,1,0,219,0,2.65
England,District Council,Tunbridge Wells,1206,29,116,96.32,93.76,1,100,31,48.39,164,87.2,372,99.46,493,100,96.25,100,100,98.9,95.67,94.53,100,0,0,0,0,0,0,7,0,251,0,4.1
England,District Council,Uttlesford,838,46,11,96.93,91.54,2,0,34,64.71,157,94.9,253,99.21,335,100,85.32,100,98.8,96.5,94.24,53.49,100,0,1,0,0,0,1,2,0,313,0,3.5
England,District Council,Vale of White Horse,966,1,0,96.79,96.69,3,0,73,83.56,216,93.06,272,99.63,401,100,100,100,100,100,100,100,83.33,2,0,0,1,0,2,2,0,421,0,4
England,District Council,Warwick  ,1413,57,0,97.12,93.21,2,0,20,70,211,91.47,572,98.25,551,99.46,93.45,100,100,97.81,90.96,87.59,100,1,0,0,0,0,0,11,0,406,0,4.8
England,District Council,Watford,928,29,0,95.55,92.56,4,0,24,50,163,89.57,313,98.72,395,99.24,82.4,100,95.12,94.67,89.14,68.03,100,3,6,0,0,0,0,2,0,161,0,1.95
England,District Council,Waverley,1150,35,0,94.89,92,3,33.33,62,58.06,286,92.31,341,97.95,423,100,71.21,100,98.33,93.49,88.61,24.21,69.3,0,0,0,0,0,0,13,0,374,0,3.22
England,District Council,Wellingborough,720,5,0,96.36,95.69,3,33.33,22,63.64,129,89.92,210,99.05,351,99.72,95.47,100,97.96,95.73,92.45,95.65,100,1,1,0,2,2,2,2,0,185,0,2.5
England,District Council,Welwyn Hatfield,754,38,1,95.8,90.97,1,0,35,65.71,167,90.42,255,99.61,257,100,97.91,100,100,98.63,98,96.21,100,0,1,0,0,0,0,5,0,182,0,2
England,District Council,West Devon,724,17,0,98.16,95.86,1,100,21,80.95,112,92.86,240,99.58,333,100,75.5,100,80.95,91.18,77.58,58.87,68.09,0,0,0,0,0,0,1,0,146,0,1.25
England,District Council,West Dorset (1),1739,52,7,99.76,96.77,1,100,18,88.89,154,99.35,721,99.86,786,100,95.37,100,91.43,94.59,95.13,96.46,96.58,1,0,0,0,0,0,0,0,343,0,3.2
England,District Council,West Lancashire,943,92,5,97.28,87.74,1,0,45,84.44,183,95.08,343,98.25,274,100,85.89,100,75.86,89.3,90.06,77.78,100,0,0,0,0,0,0,0,0,352,0,3
England,District Council,West Lindsey,969,49,0,98.04,93.09,5,0,29,75.86,147,96.6,252,100,487,99.79,83.76,100,100,84.17,71.53,85.82,80.69,1,0,0,0,0,0,5,0,222,0,3
England,District Council,West Oxfordshire,1125,16,88,99.02,97.49,1,0,15,93.33,119,95.8,388,99.23,498,100,90.42,100,100,96.12,94.17,79.47,100,1,0,0,0,0,0,3,0,161,1,2.33
England,District Council,West Suffolk,1753,104,64,98.04,92.01,3,0,30,70,218,93.12,684,99.56,650,99.85,90.15,100,97.83,89.9,88.34,92.25,100,5,1,0,0,0,0,2,0,324,1,3.14
England,District Council,Weymouth and Portland (1),917,20,0,99.67,97.49,0,NP,2,50,68,98.53,365,99.73,462,100,98.16,NR,100,97.73,97.05,100,98.86,1,0,0,0,0,0,0,0,167,0,2.9
England,District Council,Winchester City,1194,61,0,98.41,93.38,2,50,27,59.26,166,96.99,466,99.79,472,100,87.43,100,96.72,86.81,84.29,88.51,63.69,1,0,0,0,0,0,1,0,210,1,3.9
England,District Council,Woking,818,11,1,96.28,94.98,2,0,15,33.33,128,88.28,299,99,362,100,86.44,75,84.38,91.67,87.95,80,100,0,0,0,3,0,0,2,0,114,0,2.05
England,District Council,Worcester City,850,152,0,97.56,80.12,1,0,26,65.38,122,95.9,299,99.33,250,100,85.49,100,89.19,87.65,85.97,78.26,62.55,0,0,0,0,0,0,2,0,170,0,2.06
England,District Council,Wychavon,1162,114,4,99.04,89.29,1,0,19,73.68,197,98.98,386,99.48,441,100,69.26,100,91.43,91.95,75.91,45.77,67.31,1,0,0,0,0,0,0,0,233,0,2.06
England,District Council,Wycombe,1463,100,135,94.22,87.12,2,0,38,55.26,310,89.03,462,97.19,416,98.8,93.77,100,96.15,94.89,88.1,98.44,100,0,0,0,1,0,0,7,0,387,0,2.25
England,District Council,Wyre,1141,8,1,95.32,94.65,7,28.57,45,73.33,213,88.26,422,97.39,445,100,98.95,100,100,100,98.6,96.91,100,9,0,0,0,0,7,10,1,363,1,3.95
England,District Council,Wyre Forest,793,138,3,98.31,81.14,1,0,25,92,163,96.32,245,99.18,218,100,82.41,100,83.33,88.27,85.07,66.67,54.25,0,0,0,0,0,0,2,0,208,0,2.06
England,London Borough,Barking and Dagenham,1344,119,0,92.73,84.52,2,50,98,61.22,270,89.63,509,95.68,346,100,79.66,100,98.1,89.66,71.98,49.67,100,1,0,0,0,0,0,11,0,334,0,3
England,London Borough,Barnet,2536,35,184,91.67,90.31,12,8.33,113,39.82,551,86.21,993,96.17,648,100,90.3,100,98.88,98.07,80.65,73.47,95.08,0,4,0,4,4,0,18,2,849,0,4.75
England,London Borough,Bexley,1738,92,2,94.83,89.8,6,16.67,58,51.72,328,92.07,543,95.95,709,99.44,97.2,100,98.15,97.21,96.75,97.04,100,8,0,0,0,0,0,56,0,592,0,3.06
England,London Borough,Brent,2590,47,246,92.38,90.53,4,25,81,60.49,520,82.5,985,95.13,707,99.86,98.04,100,97.73,98.59,98.06,95.4,75.65,6,0,0,0,0,0,10,0,863,0,4.5
England,London Borough,Bromley (3),2274,181,156,95.35,87.2,1,100,84,61.9,541,92.05,827,98.19,484,100,95.74,100,97.77,95.56,94.02,95.88,100,1,0,0,0,0,1,6,0,985,1,4.6
England,London Borough,Camden (3),3665,314,0,87.94,80.41,38,2.63,274,32.12,1164,86.77,1204,97.84,671,99.85,76.38,97.94,98.73,77.64,59.43,47.9,67.93,31,2,0,8,0,0,34,0,915,0,10.24
England,London Borough,City of London Corporation,1785,53,65,93.22,90.35,8,0,100,53,425,87.29,855,99.65,279,99.64,96.99,100,98.63,97.9,95.45,97.06,100,3,0,0,1,0,0,3,0,433,0,6.45
England,London Borough,Croydon,2638,297,0,91.5,81.2,15,0,170,53.53,642,89.56,950,96.21,564,99.65,91.41,93.33,94.36,96.25,88.96,88.8,100,6,1,0,12,1,0,70,0,"1,361",0,8.8
England,London Borough,Ealing,3077,215,17,87.77,81.6,55,32.73,191,56.54,751,80.03,881,91.6,967,99.59,92.82,100,98.44,94.94,88.94,84.94,78.97,3,2,0,8,0,0,26,3,"1,331",9,9.5
England,London Borough,Enfield  ,2631,96,788,87.41,82.85,6,33.33,160,52.5,554,80.14,680,95.59,347,100,96.74,100,95.1,97.34,96.21,97.78,100,8,0,0,0,0,0,46,0,768,3,5.74
England,London Borough,Greenwich,1960,112,60,95.53,89.89,16,12.5,51,60.78,361,92.24,838,97.85,522,100,92.19,100,92.31,92.8,90.42,95.59,85.2,1,0,0,0,0,1,14,0,188,0,6.2
England,London Borough,Hackney,2427,88,0,91.49,88.17,6,0,145,53.79,671,88.67,726,93.53,791,99.62,82.36,100,100,75.48,87.58,37.88,74.71,4,2,0,0,0,0,15,0,982,0,5.14
England,London Borough,Hammersmith and Fulham,1935,53,116,92.98,90.27,11,9.09,78,34.62,462,91.56,699,96.71,516,99.81,91.35,100,98.04,96.43,82.46,91.43,100,5,0,0,0,0,0,14,0,390,0,4
England,London Borough,Haringey  ,2239,217,15,93.72,84.58,4,0,74,51.35,388,85.57,889,96.96,652,99.54,96.04,100,100,98.73,96.35,91.86,81.36,6,1,0,0,0,1,28,0,697,0,3.55
England,London Borough,Harrow,1682,180,60,91.82,81.63,4,25,72,73.61,422,87.2,615,93.17,329,100,81.66,100,82.72,82.54,82.73,76.55,100,7,4,4,4,4,4,11,4,557,4,9
England,London Borough,Havering,1828,82,0,94.67,90.43,6,0,96,75,367,88.83,512,95.9,765,99.87,91.87,100,96.58,90,84.53,96.97,74.9,5,2,2,1,0,0,3,2,604,1,3.5
England,London Borough,Hillingdon,2345,49,57,92.41,90.43,11,0,96,42.71,467,84.15,824,96.36,841,100,98.74,100,98.72,98.31,97.6,100,100,11,2,0,1,0,1,17,0,800,3,6.38
England,London Borough,Hounslow  ,2127,67,210,90.65,87.48,3,0,87,42.53,458,82.31,760,95.13,542,99.63,50.11,100,84.11,60.97,39,19.29,94.19,0,0,0,0,0,0,1,0,506,0,3
England,London Borough,Islington (4),2449,186,42,90.86,83.84,10,10,150,59.33,795,85.53,736,97.96,530,99.43,74.71,50,91.89,90.3,65.46,49.23,100,2,1,0,0,0,3,15,1,276,2,9
England,London Borough,Kensington and Chelsea,1911,54,125,97.06,94.12,3,33.33,63,76.19,472,95.13,758,98.55,436,100,96.5,100,99.31,96.42,96.4,94.25,87.35,1,0,0,0,0,1,3,0,541,0,4.85
England,London Borough,Kingston-Upon-Thames,1446,91,5,96.52,90.42,7,42.86,71,70.42,327,95.72,583,98.63,362,100,86.91,97.5,90.48,91.51,79.56,96.15,98.74,7,2,0,0,0,0,3,0,413,0,3.09
England,London Borough,Lambeth,2742,237,0,85.27,77.9,9,22.22,235,54.04,817,78.82,894,91.28,550,99.45,88.38,100,94.1,88.93,93.63,74.93,65.65,16,1,0,0,0,0,77,0,"1,470",0,3.25
England,London Borough,Lewisham,2699,463,36,91.32,75.44,9,0,149,61.07,593,85.16,824,95.75,625,99.84,65.45,100,88.28,86.16,52.15,18.24,100,2,3,0,0,0,0,10,0,690,2,4.4
England,London Borough,Merton  ,1697,280,1,98.02,81.84,0,NP,50,82,355,96.62,631,98.89,380,100,62.82,100,98.78,72.26,43.46,54.72,100,4,0,0,0,0,0,7,0,269,0,3.15
England,London Borough,Newham,2309,100,0,87.42,83.63,7,0,125,32.8,488,78.28,871,91.16,718,99.44,78.93,100,90.6,89.64,76.05,53.52,100,5,4,0,0,0,0,35,0,"1,017",1,5
England,London Borough,Redbridge,1840,82,0,91.75,87.66,3,0,124,63.71,330,79.39,735,96.05,566,100,74.83,100,98.68,82.35,66.99,60.58,100,2,2,0,0,0,0,25,0,186,0,3.5
England,London Borough,Richmond-Upon-Thames  ,1746,292,0,97.46,81.16,1,0,36,66.67,438,96.12,566,98.94,413,99.76,20.64,100,96.47,18.37,19.77,1.81,49.3,2,0,0,0,0,0,7,0,217,0,1.38
England,London Borough,Southwark,3164,62,0,94.36,92.51,13,0,119,62.18,757,88.64,1344,97.92,869,99.65,97.88,97.5,100,97.61,98.49,92.08,92.8,13,15,0,4,0,2,18,0,"1,347",1,7.75
England,London Borough,Sutton,1502,25,0,74.61,73.37,2,50,67,43.28,321,71.96,577,75.74,510,79.22,91.28,100,97.2,94.42,84.68,89.8,100,2,1,0,0,0,0,4,0,404,0,2.08
England,London Borough,Tower Hamlets,2694,42,11,90.65,89.23,26,0,113,23.01,656,88.26,1141,95.53,705,99.15,92.27,100,99.71,89.53,82.69,99.54,92.73,0,1,1,6,6,0,11,0,"1,009",25,9
England,London Borough,Waltham Forest,1974,63,0,87.23,84.45,58,1.72,121,38.84,533,85.55,809,95.55,390,100,74.73,100,98.46,87.92,57.32,33.33,100,2,4,0,42,0,1,5,0,829,16,3.45
England,London Borough,Wandsworth  ,2908,352,100,95.48,83.51,9,22.22,95,68.42,609,91.79,993,97.58,750,100,68.13,100,100,80.53,60.96,15.64,97.04,1,0,0,1,0,0,3,0,73,1,4
England,London Borough,Westminster (5)  ,4986,579,0,89.9,79.46,33,3.03,263,51.33,1254,82.38,2180,97.11,677,99.85,56.67,100,94.12,80.13,30.83,66.58,44.75,2,2,0,16,0,5,6,0,579,8,12.3
England,Metropolitan Borough Council,Barnsley,2024,137,42,96.86,90.16,6,16.67,61,65.57,273,93.77,635,98.11,870,99.66,94.7,100,91.55,91.54,98.09,94.21,95.42,5,0,0,0,0,0,2,0,498,0,6.5
England,Metropolitan Borough Council,Birmingham   ,9277,1744,1,87.59,71.12,72,15.28,516,36.24,1647,77.35,2405,93.35,2892,99.59,78.15,100,99.29,96.12,46.92,67.26,100,6,8,0,37,0,0,51,7,"2,100",7,12
England,Metropolitan Borough Council,Bolton,2544,79,268,91.67,88.49,11,36.36,105,52.38,513,84.6,988,95.65,580,99.31,93.81,100,97.21,94.83,89.4,96.82,85.45,8,0,0,0,0,0,10,0,838,2,6
England,Metropolitan Borough Council,Bradford,4383,266,0,95.31,89.53,10,20,134,58.96,840,88.1,1490,97.99,1643,100,95.5,100,100,96.9,92.26,95.37,69.57,14,1,1,1,0,3,31,4,"1,501",2,9.5
England,Metropolitan Borough Council,Bury  ,1459,49,0,97.66,94.38,3,0,49,51.02,240,97.5,661,100,457,100,66.67,100,100,81.13,69.21,44.78,100,1,0,0,0,0,0,1,0,550,0,3.4
England,Metropolitan Borough Council,Calderdale  ,2285,150,0,95.97,89.67,8,0,70,65.71,413,90.56,762,98.16,882,99.89,58.22,100,76.72,67.71,77.14,20.92,81.12,4,0,0,3,0,0,10,2,454,0,4.38
England,Metropolitan Borough Council,Coventry,2798,73,43,97.28,94.7,6,33.33,58,56.9,461,92.62,1038,99.04,1119,100,71.75,100,94.29,96.83,79.93,43.14,100,8,0,0,0,0,2,13,0,661,2,6
England,Metropolitan Borough Council,Doncaster,3650,155,749,93.01,88.04,16,0,118,48.31,524,85.31,1088,96.6,1000,99.9,51.99,94.87,88.06,71,51.45,12.85,100,16,0,0,2,0,1,26,0,816,1,4.85
England,Metropolitan Borough Council,Dudley,2311,46,0,90.55,88.75,3,66.67,127,53.54,604,83.11,756,93.92,775,99.23,97.39,95.24,98.11,97,98.85,95.28,100,0,0,0,3,0,0,5,0,"1,053",5,9
England,Metropolitan Borough Council,Gateshead,1669,212,0,96.43,84.18,2,50,43,62.79,265,90.94,651,99.08,496,98.99,80.99,100,83.78,80.6,69.03,90.84,28.03,5,20,0,1,1,0,4,0,427,0,4.6
England,Metropolitan Borough Council,Kirklees (6),5270,1411,13,94.93,69.45,16,18.75,160,55,843,90.75,1416,97.74,1411,100,94.31,100,98.08,91.26,96.04,92.02,100,1,0,0,4,0,7,54,2,"1,157",7,9.4
England,Metropolitan Borough Council,Knowsley,768,26,2,93.78,90.6,4,25,24,33.33,144,86.11,321,97.82,247,100,79.02,80,97.56,93.33,73.66,62.5,95.05,1,0,0,0,0,0,11,0,152,0,1.9
England,Metropolitan Borough Council,Leeds,7350,894,813,97.13,83.85,4,25,168,66.67,1271,94.57,2438,98.89,1762,99.6,79.6,100,83.89,95.63,93.16,38.25,100,3,0,0,0,0,0,10,0,"3,061",1,13.9
England,Metropolitan Borough Council,Liverpool,3934,322,0,92.8,85.21,23,4.35,132,30.3,864,85.65,1406,98.44,1187,100,55,100,89.81,55.22,44.48,53.96,75.04,18,1,0,0,0,0,3,0,616,1,6.3
England,Metropolitan Borough Council,Manchester,5119,215,118,93.08,89.08,12,25,202,37.13,1195,86.44,1803,98.23,1574,99.94,96.09,100,98.75,95.79,94.48,97.67,84.34,62,1,0,2,1,0,3,0,"1,472",1,8
England,Metropolitan Borough Council,Newcastle Upon Tyne,2406,166,0,94.82,88.28,1,0,67,29.85,533,89.87,1003,98.7,636,99.84,94.55,100,99.48,99.31,97.56,83.96,100,7,0,0,0,0,0,9,0,843,0,5.5
England,Metropolitan Borough Council,North Tyneside,1350,14,0,96.26,95.26,2,0,24,45.83,259,88.8,570,99.3,481,99.58,86.33,100,96,89.05,78.41,94.54,100,2,0,0,0,0,0,7,0,403,0,3.5
England,Metropolitan Borough Council,Oldham,1869,90,18,93.7,89.14,9,44.44,55,65.45,434,86.87,678,96.02,585,99.49,84.19,100,97.16,97.15,90.73,46.84,94.4,7,0,0,0,0,2,4,2,629,4,3.45
England,Metropolitan Borough Council,Rochdale (7),1626,40,0,95.4,93.05,6,16.67,45,60,283,89.75,646,96.9,606,99.83,93.13,100,100,93.66,91.09,91.97,95.88,9,0,0,0,0,0,8,0,810,0,4.1
England,Metropolitan Borough Council,Rotherham,2022,15,0,93.12,92.43,6,0,84,39.29,339,87.32,735,95.78,843,99.17,92.73,93.75,98.08,96.14,91.39,86.96,94.17,1,0,0,3,3,0,6,0,600,0,3
England,Metropolitan Borough Council,Salford,2063,60,5,93.84,91.11,3,0,120,64.17,461,90.46,591,94.59,823,99.88,84.81,100,97.87,93.04,81.89,77.22,91.48,6,2,0,0,0,14,30,0,472,1,7.5
England,Metropolitan Borough Council,Sandwell,2496,258,0,93.79,84.09,11,18.18,103,60.19,518,89.77,1011,96.74,595,99.5,81.78,100,93.38,89.52,76.7,75.13,75.94,12,0,1,0,0,0,5,0,"1,120",4,6
England,Metropolitan Borough Council,Sefton,2244,55,0,97.76,95.37,2,0,52,71.15,419,94.51,863,98.96,853,100,98.99,100,100,99.71,98.97,97.1,100,1,3,0,0,0,1,53,1,633,1,6
England,Metropolitan Borough Council,Sheffield  ,4580,223,280,94.8,89.88,11,9.09,156,53.21,832,88.1,1703,98.36,1375,99.85,91.91,100,97.21,97.46,88.39,87.97,68.81,23,0,0,0,0,0,8,0,"1,697",1,5.2
England,Metropolitan Borough Council,Solihull,1834,37,219,97.02,94.8,3,66.67,41,82.93,259,93.82,688,96.95,587,99.66,93.88,100,92.59,83.72,96.73,96.58,82.61,1,1,0,1,0,0,10,0,283,0,5.8
England,Metropolitan Borough Council,South Tyneside,1118,22,0,95.44,93.56,0,NP,27,55.56,224,88.39,381,96.85,464,100,89.28,NR,100,95.93,86.1,82.84,100,2,0,0,0,0,0,4,0,156,0,2.63
England,Metropolitan Borough Council,St Helens   ,1419,58,26,95.66,91.67,2,50,128,86.72,339,93.22,478,96.44,388,100,88.96,100,98.44,90.58,87.63,70.94,98.63,2,0,0,0,0,0,4,0,696,0,4
England,Metropolitan Borough Council,Stockport,2255,92,0,94.96,91.09,2,50,72,62.5,435,88.28,903,97.01,751,99.6,94.76,100,83.33,96.62,94.2,97.97,71.93,3,0,0,0,0,0,0,0,730,0,3.5
England,Metropolitan Borough Council,Sunderland,2118,134,0,96.62,90.51,3,0,83,79.52,426,92.96,862,98.03,610,100,86.08,100,93.16,85.03,84.04,88.71,100,5,0,0,1,1,0,12,0,645,0,4.7
England,Metropolitan Borough Council,Tameside  ,1788,101,0,95.91,90.49,1,0,72,55.56,368,92.66,659,98.63,587,100,86.43,100,84.76,93,78.24,97.92,100,1,0,0,0,0,0,24,0,543,0,4.5
England,Metropolitan Borough Council,Trafford,2592,30,525,92.34,91,17,0,97,55.67,488,87.09,706,95.75,729,99.59,90.64,100,97.65,97.8,87.87,69.23,95.36,8,1,0,1,1,0,12,0,649,1,3.5
England,Metropolitan Borough Council,Wakefield,3218,261,12,96.47,88.62,5,20,76,59.21,531,88.51,1130,99.29,1203,100,88.7,100,95.38,91.06,85.66,87.32,100,1,0,0,0,0,0,31,1,"1,295",0,6
England,Metropolitan Borough Council,Walsall,2082,276,18,92.28,79.94,6,16.67,89,68.54,520,86.92,590,94.41,583,99.31,67.38,87.5,85.86,80,71.96,28.93,49.19,0,0,0,3,0,1,9,0,472,3,5.6
England,Metropolitan Borough Council,West Yorkshire (8),,,,,,,,,,,,,,,,,,,,,,,,,,,,,,,,,
England,Metropolitan Borough Council,Wigan,2496,280,9,90.8,80.58,10,20,162,55.56,548,83.76,816,96.2,671,99.55,80.18,95.56,95.64,80.86,72.97,57.43,73.65,4,3,0,0,0,2,12,0,781,0,7
England,Metropolitan Borough Council,Wirral,2631,94,62,95.39,91.9,18,0,144,68.06,515,92.23,861,98.95,937,99.89,92.38,96.08,96.98,91.73,92.28,84.96,100,20,0,0,0,0,2,3,0,656,1,6.95
England,Metropolitan Borough Council,Wolverhampton,1943,100,0,92.89,88.11,9,33.33,80,45,314,82.17,709,96.47,731,100,96.72,100,98.37,94.61,97.93,95.17,75.12,5,0,0,2,0,1,70,1,810,3,4
England,Unitary Authority,Bath and North East Somerset,2077,219,9,97.51,87.19,6,16.67,69,73.91,357,95.52,594,98.82,823,100,66.74,100,96.8,90.77,81.65,28.08,65.05,2,0,0,0,0,0,2,0,654,0,3.6
England,Unitary Authority,Bedford  ,1428,47,0,96.67,93.49,1,0,59,81.36,320,91.56,523,98.66,478,100,98.95,100,100,99.09,98.03,99.28,79.08,2,0,0,0,0,0,14,0,420,0,3.45
England,Unitary Authority,Blackburn,1294,47,14,92.05,88.67,7,71.43,49,40.82,245,85.31,448,93.53,484,99.59,90.84,100,100,96.4,97.12,48.15,100,4,0,0,0,0,0,1,0,445,0,2.6
England,Unitary Authority,Blackpool,2035,22,0,95.23,94.2,1,0,71,60.56,399,87.47,909,98.13,633,100,86.9,100,100,83.75,86.19,84.8,100,4,0,0,0,0,6,36,0,843,3,4
England,Unitary Authority,Bournemouth and Christchurch (9),2380,56,0,96.04,93.78,16,0,85,49.41,294,90.48,931,99.46,998,100,92.67,98.9,96.3,91.18,91.95,91.09,99.21,3,0,0,0,0,0,3,0,425,0,5.3
England,Unitary Authority,Bracknell Forest,848,17,0,97.47,95.52,1,0,19,84.21,136,88.97,265,99.25,410,100,63.2,100,77.78,78.95,77.38,42.41,100,0,0,0,0,0,0,0,0,141,0,2
England,Unitary Authority,Brighton and Hove,3202,260,1,97.31,89.41,2,0,82,63.41,502,92.43,1249,99.36,1106,99.91,90.38,100,96.77,92.27,85.65,100,100,2,0,0,0,0,0,5,0,729,0,6
England,Unitary Authority,Bristol,4396,298,146,96.33,89.58,15,33.33,147,55.1,746,93.3,1787,99.16,1257,99.68,76.92,97.22,94.41,79.45,71.69,68.55,68.34,2,1,0,0,1,0,7,0,804,1,8
England,Unitary Authority,Central Bedfordshire,2290,163,62,99.13,91.88,1,100,64,92.19,387,96.9,766,99.87,847,100,85.8,100,100,86.1,85.43,81.47,58.95,0,0,0,0,1,1,9,0,482,0,6
England,Unitary Authority,Cheshire East,3353,153,223,97.68,92.91,6,33.33,130,70.77,507,96.06,1314,99.62,1020,99.8,87.78,100,87.42,94.97,92.05,72.64,62.95,1,1,0,0,0,0,11,0,"1,008",0,6.44
England,Unitary Authority,Cheshire West and Chester,3258,248,21,97.69,90.21,10,10,151,84.77,718,95.96,1026,99.22,1084,100,77.99,100,98.5,98.52,94.61,18.99,71.34,3,52,0,0,2,0,12,0,"1,047",3,5.78
England,Unitary Authority,Cornwall,9038,497,0,98.86,93.43,8,62.5,269,84.76,902,95.01,3053,99.74,4309,100,71.02,97.87,96.14,85.58,52.63,76.1,100,2,5,2,3,0,1,38,4,"1,615",0,22.13
England,Unitary Authority,Darlington,967,10,1,96.97,95.96,1,100,17,47.06,144,87.5,361,99.45,433,100,92.99,100,94.29,99.29,93.21,87.86,100,4,0,0,0,0,0,0,0,205,0,0.65
England,Unitary Authority,Derby City,2002,24,0,97.78,96.6,5,0,44,56.82,303,94.72,830,99.64,796,99.87,87.27,100,100,97.3,79.84,75.28,90.75,5,0,0,1,1,0,4,0,439,0,3.76
England,Unitary Authority,Durham,4520,265,298,96.97,90.88,5,60,195,78.97,904,93.36,1411,98.94,1442,99.86,85.42,95.45,98.19,95.83,95.32,52.87,63.07,3,1,0,0,0,0,5,0,"1,597",0,10.2
England,Unitary Authority,East Riding of Yorkshire,3368,94,0,97.71,94.98,8,37.5,185,84.32,628,94.75,1365,99.49,1088,99.91,79.59,100,100,76.63,65.87,100,79.5,18,9,2,0,0,0,8,0,708,1,9.04
England,Unitary Authority,Halton,1062,24,57,96.74,94.43,2,0,19,73.68,133,87.97,408,97.79,419,100,95.02,100,100,97.82,92.99,92.09,98.41,1,0,0,0,0,0,0,0,266,0,4.5
England,Unitary Authority,Hartlepool (10),834,1,73,100,99.87,0,NP,4,100,110,100,357,100,289,100,99.79,100,100,100,99.56,100,99.26,3,0,0,0,0,0,4,0,297,0,4.56
England,Unitary Authority,Herefordshire  ,2358,103,32,96.67,92.39,2,50,83,74.7,363,90.08,723,98.2,1052,99.71,75,100,96.4,94.92,79.53,54.21,73.96,7,1,0,2,1,0,6,0,525,0,4.4
England,Unitary Authority,Hull City,2206,116,14,92.49,87.59,14,21.43,110,70,364,91.48,929,91.6,659,99.54,93.87,96.12,92.38,97.79,92.55,91.37,98.96,24,4,7,1,0,1,28,0,999,0,7.7
England,Unitary Authority,Isle of Wight,2073,230,0,95.06,84.52,2,0,83,61.45,370,86.49,668,99.1,720,99.86,35.94,100,93.58,45.75,31.25,15.02,100,2,0,0,0,0,0,4,0,376,1,3.7
England,Unitary Authority,Isles of Scilly,145,1,0,100,99.31,1,100,6,100,18,100,56,100,63,100,91.94,100,94.74,73.33,100,100,100,0,1,0,0,0,0,0,0,48,0,1
England,Unitary Authority,Leicester City,3159,130,0,91.42,87.65,26,3.85,220,65.45,714,85.85,1321,95.61,748,100,90.22,100,96.33,92.99,89.73,67.18,100,8,4,0,4,0,7,6,0,"1,445",0,8
England,Unitary Authority,Luton,1640,211,66,88.77,76.87,6,33.33,83,38.55,355,79.15,403,94.04,516,100,89.41,100,98.35,98.94,98.34,15,48.7,6,3,0,23,1,1,43,0,583,9,4
England,Unitary Authority,Medway,1835,166,17,98.06,89.11,2,0,25,52,229,94.32,789,99.37,607,100,70.89,100,100,90.06,78,32.52,100,3,0,0,0,0,0,8,0,381,0,3.31
England,Unitary Authority,Middlesbrough,1194,66,8,91.7,86.59,2,0,52,38.46,193,78.24,400,96,473,99.79,92.47,100,96.3,93.67,91.94,91.04,6.56,5,1,0,4,0,2,6,0,364,2,3.3
England,Unitary Authority,Milton Keynes,2551,160,132,97.96,91.48,4,50,44,70.45,339,92.92,975,99.28,897,100,81.43,100,98.11,97.85,63.49,100,91.59,0,0,0,1,1,0,0,0,514,0,4
England,Unitary Authority,North East Lincolnshire,1580,46,31,95.94,93.09,2,0,34,67.65,226,92.92,656,95.43,585,99.66,61.29,100,88.89,78.62,62.2,45.13,18.64,1,0,0,0,0,0,0,1,371,0,7
England,Unitary Authority,North Lincolnshire,1639,55,0,94.63,91.46,4,0,42,50,344,86.92,541,97.41,653,99.85,87.6,100,97.52,92.79,71.49,98.61,84.56,1,0,0,0,0,0,3,0,462,0,3.3
England,Unitary Authority,North Somerset,1652,40,37,98.54,96.1,3,0,48,85.42,357,96.92,590,99.66,577,100,96.4,100,99.53,97.94,95.06,93.91,99.39,0,0,0,0,0,0,6,1,805,0,4.5
England,Unitary Authority,Northumberland,3542,152,39,98.42,94.15,2,50,57,64.91,382,93.72,1189,99.33,1721,100,89.98,100,95.18,93.95,81.73,99.42,69.66,3,0,0,0,0,0,6,0,"1,020",0,4.5
England,Unitary Authority,Nottingham City,2836,29,0,96.72,95.73,5,0,66,50,397,90.93,1272,98.66,1067,99.91,94.49,100,99.1,97.57,94.42,84.23,94.58,5,25,0,1,0,2,8,0,875,0,7.6
England,Unitary Authority,Peterborough City,1775,81,0,96.4,92,1,0,44,68.18,278,91.01,714,97.62,657,99.39,87.82,100,100,88.53,83.52,89.31,92.45,9,0,0,0,0,0,19,0,475,0,5.1
England,Unitary Authority,Plymouth City,1882,73,11,95.61,91.88,4,0,67,50.75,312,89.1,825,99.03,590,100,87.82,100,97.81,95.74,82.51,83.82,99.75,3,1,0,0,0,0,27,0,525,0,3.4
England,Unitary Authority,Poole (9),1244,33,9,97.5,94.9,5,80,34,70.59,190,93.68,512,99.8,461,98.7,95.42,90,96.2,97.91,93.98,94.86,98.43,0,1,0,0,0,0,5,0,368,0,3.6
England,Unitary Authority,Portsmouth,1872,67,0,94.29,90.92,2,0,90,46.67,333,88.59,778,98.2,602,99.83,57.39,100,84.51,83.33,55.15,15.68,100,4,0,0,0,0,0,29,1,75,3,3.5
England,Unitary Authority,Reading,1439,34,41,94.35,92.06,3,0,49,59.18,285,86.67,599,97.33,428,100,96.29,100,100,98.9,93.72,93.59,91.04,0,1,0,2,3,0,9,0,786,1,3.8
England,Unitary Authority,Redcar and Cleveland,1162,8,2,97.83,97.16,0,NP,19,63.16,160,91.88,463,99.14,510,99.8,96.85,100,100,97.39,95.17,98.91,98.67,0,0,0,0,0,0,4,0,247,0,3
England,Unitary Authority,Rutland,456,16,0,97.95,94.52,1,0,8,87.5,83,92.77,180,99.44,168,100,85.64,100,100,74.58,91.03,84.09,91.14,1,0,0,0,0,0,0,0,96,0,1
England,Unitary Authority,Shropshire  ,4132,148,462,98.64,94.66,2,0,92,80.43,484,94.83,1291,99.77,1653,100,61.78,100,97.73,94.25,96.73,24.26,84.45,2,3,0,0,0,0,6,1,646,0,6.78
England,Unitary Authority,Slough,876,13,11,88.97,87.63,1,100,60,40,209,81.82,343,94.17,239,100,97.47,83.33,100,99.37,96.67,90.57,94.59,0,0,0,1,1,0,11,0,426,0,3.74
England,Unitary Authority,South Gloucestershire,2020,56,0,97.61,94.9,4,50,100,78,335,94.63,801,99.38,724,100,82.85,100,97.78,96.25,85.26,58.87,86.15,5,0,0,0,0,0,2,0,569,0,3.3
England,Unitary Authority,Southampton,1870,287,1,98.55,83.41,2,0,34,73.53,213,95.77,741,99.6,592,100,63.96,NR,88.24,76.23,75,40.68,100,2,0,0,0,0,0,6,0,136,0,4.4
England,Unitary Authority,Southend-On-Sea,1657,99,93,90.38,84.65,4,0,68,39.71,352,79.83,606,96.04,435,99.77,78.1,100,93.33,95.02,81.82,56.36,100,1,47,0,0,0,0,5,0,544,0,3.1
England,Unitary Authority,Stockton on Tees,1557,39,0,99.14,96.66,4,25,32,84.38,215,97.67,628,100,639,100,83.05,100,100,98.61,97.49,48.3,100,15,21,0,0,0,2,2,0,564,0,5.5
England,Unitary Authority,Stoke-On-Trent  ,2303,171,18,94.18,87.13,1,100,131,63.36,460,90,722,95.98,800,100,93.17,100,96.92,92,88.52,99.05,92.05,3,0,0,0,0,1,9,0,543,0,5
England,Unitary Authority,Swindon,1921,325,1,96.36,80.05,1,0,42,64.29,271,92.25,680,96.91,601,100,58.42,100,100,98.94,34.38,54.1,100,1,1,0,2,0,0,1,0,315,0,2.2
England,Unitary Authority,Telford and Wrekin,1321,29,0,95.59,93.49,5,20,39,61.54,217,88.02,501,97.8,530,99.81,100,100,100,100,100,100,100,4,3,0,1,1,0,13,0,532,0,3.41
England,Unitary Authority,Thurrock,1113,40,11,96.42,92.92,2,0,49,71.43,200,93,451,98.45,360,99.72,96.68,100,98.77,98.28,96.92,91.24,100,0,0,0,0,0,0,9,0,123,0,3.1
England,Unitary Authority,Torbay,1928,162,0,97.06,88.9,12,33.33,62,69.35,232,94.4,624,98.24,836,99.88,92.17,100,99,95.58,84.84,100,100,2,0,0,0,0,0,30,0,478,1,5
England,Unitary Authority,Warrington,2081,55,0,98.03,95.43,2,50,39,51.28,252,93.25,775,99.61,958,100,50.59,100,98.04,98.95,67.59,11.62,92.05,1,0,0,0,0,0,3,0,545,0,4
England,Unitary Authority,West Berkshire  ,1165,19,0,95.11,93.56,3,0,37,48.65,217,86.64,413,98.79,476,100,70.79,100,92.31,76.96,69.32,55.56,100,2,0,0,0,0,0,1,0,127,0,6
England,Unitary Authority,Wiltshire,5135,134,865,96.66,93.63,2,50,138,69.57,799,92.37,1453,97.73,1744,99.94,89.56,100,94.61,93.55,85.52,88.32,77.12,5,10,0,0,0,1,14,0,"1,312",1,10
England,Unitary Authority,Windsor and Maidenhead    ,1324,26,0,98,96.07,1,0,36,77.78,222,95.5,632,98.89,407,100,94.61,100,100,97.55,94.26,90.3,100,1,0,0,0,0,0,11,0,89,0,5.5
England,Unitary Authority,Wokingham,1035,25,8,97.21,94.84,0,NP,36,80.56,187,90.91,339,98.82,440,100,70.43,NR,91.67,76.69,71.75,57.45,85.61,1,0,0,0,0,0,1,0,238,0,2.23
England,Unitary Authority,York,1832,20,191,97.47,96.28,9,11.11,36,55.56,354,95.48,771,99.87,451,100,98.27,100,100,99.31,97.05,97.5,99.47,2,1,0,0,0,1,8,0,718,4,4.5
Northern Ireland,NI Unitary Authority,Antrim and Newtownabbey,1604,29,393,98.65,96.28,1,100,33,90.91,217,95.39,439,99.32,492,100,96.52,100,99.02,97.01,94.5,98.17,96.42,0,1,0,0,0,0,4,0,509,0,4
Northern Ireland,NI Unitary Authority,Ards and North Down,2065,106,503,97.87,91.23,3,66.67,40,75,260,95.77,531,98.31,622,100,48.18,100,100,63.94,48.25,12.75,81.46,1,4,0,0,0,0,1,1,490,0,3.4
Northern Ireland,NI Unitary Authority,Armagh City Banbridge and Craigavon,2158,44,0,98.96,96.94,1,0,68,92.65,389,97.17,649,99.54,1007,99.8,81.05,95.83,100,92.95,85.04,56.89,95.09,6,3,0,0,0,0,0,1,679,0,5
Northern Ireland,NI Unitary Authority,Belfast City,3718,75,581,98.07,95.73,3,66.67,94,79.79,850,96.35,1242,99.36,873,100,93.54,100,97.18,94.53,92.9,89.58,100,4,2,0,0,0,1,3,1,"1,318",1,13
Northern Ireland,NI Unitary Authority,Causeway Coast and Glens  ,2076,57,462,96.79,93.37,2,50,34,67.65,261,88.89,596,98.99,664,99.55,82.97,100,99.24,87.7,83.7,67.36,98.14,2,0,0,0,0,0,1,0,538,0,5.6
Northern Ireland,NI Unitary Authority,Derry City and Strabane  ,1702,32,2,99.28,97.41,2,100,57,92.98,300,97.67,518,99.81,791,100,95.37,100,95.18,95.38,96.43,92.31,89.12,0,1,0,0,0,1,0,0,567,0,3.3
Northern Ireland,NI Unitary Authority,Fermanagh and Omagh,1676,13,257,98.44,97.53,0,NP,38,92.11,272,93.75,486,99.59,610,100,95.7,100,99.04,99,96.87,86.94,96.18,0,0,0,0,0,0,0,1,712,0,3.4
Northern Ireland,NI Unitary Authority,Lisburn and Castlereagh City,1432,28,430,97.95,95.21,1,100,10,50,190,93.16,377,99.73,396,99.75,97.48,100,100,97.01,97.63,97.14,99.53,0,0,0,0,0,0,3,0,433,0,3.6
Northern Ireland,NI Unitary Authority,Mid and East Antrim,1589,35,12,99.48,97.27,0,NP,31,93.55,185,96.76,482,100,844,100,93.1,NR,100,94.08,94.43,88.89,92.16,0,0,0,0,0,0,0,0,547,0,5.1
Northern Ireland,NI Unitary Authority,Mid Ulster,1731,29,17,99.41,97.72,1,100,30,96.67,270,97.78,570,99.82,814,99.75,94.1,100,96,92.07,93.64,97.13,91.53,1,4,0,0,0,0,0,0,652,0,4
Northern Ireland,NI Unitary Authority,Newry Mourne and Down,2164,111,298,97.61,91.8,4,75,57,64.91,335,94.93,673,99.55,686,99.85,94.82,100,99.07,97.12,93.14,92.53,86.48,6,4,0,0,0,0,2,4,302,0,7.5
Wales,Welsh Unitary Authority,Anglesey,858,21,56,96.93,94.39,0,NP,13,84.62,205,94.63,252,97.22,311,98.71,89.98,100,93.75,92.58,91.37,79.79,93.55,0,0,0,0,0,0,1,0,214,2,2.9
Wales,Welsh Unitary Authority,Blaenau Gwent,655,13,1,91.58,89.76,8,25,32,40.63,246,89.43,76,96.05,279,100,97.43,100,100,97.18,94.59,96.15,100,0,0,0,0,0,0,17,0,290,0,4.48
Wales,Welsh Unitary Authority,Bridgend,1388,69,6,97.49,92.62,2,50,65,86.15,611,97.22,196,97.96,439,99.54,73.47,100,99.01,77.23,22.63,89.81,79.9,2,4,0,0,0,0,4,0,432,2,6.9
Wales,Welsh Unitary Authority,Caerphilly,2007,33,437,95.77,93.76,2,0,69,75.36,687,93.89,180,97.78,599,100,97.2,100,98.51,97.75,97.06,94.74,93.62,4,0,0,0,0,1,9,0,826,1,7.3
Wales,Welsh Unitary Authority,Cardiff,3664,371,95,94.81,84.95,17,11.76,199,69.35,1483,94.54,480,98.75,1019,99.71,85.44,100,100,87.14,44.99,95.31,65.21,47,13,1,0,0,7,15,9,"1,205",12,17.6
Wales,Welsh Unitary Authority,Carmarthenshire    ,2030,61,0,97.51,94.58,5,20,53,62.26,699,97,319,98.75,893,100,93.09,100,99.01,98.09,91.67,80.79,99.09,0,0,0,0,0,0,8,1,786,0,6.3
Wales,Welsh Unitary Authority,Ceredigion  ,1235,109,7,95.71,87.21,2,0,66,69.7,458,94.54,122,99.18,471,100,90.69,100,93.48,91.37,82.89,87.5,55.67,0,1,0,0,0,0,14,4,444,0,5.3
Wales,Welsh Unitary Authority,Conwy,1652,78,0,98.22,93.58,0,NP,42,90.48,570,96.32,289,99.65,673,99.7,94.33,100,98.04,96.07,95.69,87.69,71.3,6,0,0,0,0,1,0,1,616,0,5.6
Wales,Welsh Unitary Authority,Denbighshire  ,1151,88,14,96.76,89.27,9,0,65,75.38,335,97.61,187,99.47,453,100,78.37,100,100,99.38,63.92,62.78,68.5,1,2,0,2,0,0,20,7,365,1,4
Wales,Welsh Unitary Authority,Flintshire,1315,49,16,98.08,94.38,2,100,21,80.95,434,96.54,279,98.57,514,99.81,87.56,100,93.02,90.43,86.03,82.32,80.84,0,0,0,0,0,0,2,0,386,0,7
Wales,Welsh Unitary Authority,Gwynedd  ,2145,23,44,99.28,98.19,2,0,46,89.13,723,99.03,563,99.82,744,100,94.66,100,91.78,95.73,94.3,92.02,99.1,3,0,0,0,0,0,4,0,878,0,8.25
Wales,Welsh Unitary Authority,Merthyr Tydfil,563,27,2,93.26,88.77,1,0,30,46.67,257,94.16,59,96.61,187,98.93,99.71,100,100,100,100,98.21,96.55,1,0,0,1,0,0,24,0,304,1,2.17
Wales,Welsh Unitary Authority,Monmouthshire,1093,1,0,97.16,97.07,3,0,24,70.83,443,95.49,161,99.38,461,100,93.33,100,96.67,95.85,92.79,84.17,100,1,0,0,0,0,0,9,0,467,0,5.5
Wales,Welsh Unitary Authority,Neath Port Talbot  ,1286,51,8,95.68,91.86,3,33.33,50,72,485,92.78,135,98.52,554,100,97.86,100,99.33,98.63,99.01,92.36,100,2,1,0,0,0,1,8,4,466,1,7.64
Wales,Welsh Unitary Authority,Newport ,1422,18,0,96.65,95.43,1,0,43,69.77,481,94.39,232,98.28,647,99.69,62.05,100,99.11,98.94,72.97,12.32,100,5,3,0,0,0,1,7,1,435,0,6.5
Wales,Welsh Unitary Authority,Pembrokeshire  ,2391,100,38,96.98,92.86,9,11.11,60,56.67,586,95.22,579,99.48,1019,99.71,78.66,100,93.07,79.31,63.75,89.06,83.45,1,0,0,0,0,1,10,3,336,4,7.8
Wales,Welsh Unitary Authority,Powys,2677,6,79,96.84,96.61,13,15.38,62,75.81,875,95.43,423,97.4,1219,99.59,99.88,100,100,99.76,100,100,100,7,10,0,0,0,2,13,7,"1,079",3,9.11
Wales,Welsh Unitary Authority,Rhondda Cynon Taf,2021,33,0,94.82,93.27,10,50,130,78.46,886,93.23,205,95.61,757,99.87,98.84,93.33,99.58,98.62,100,98.82,85.78,6,0,0,0,0,0,10,1,912,3,10.88
Wales,Welsh Unitary Authority,Swansea,2316,112,0,96.01,91.36,9,44.44,102,73.53,940,95,281,99.64,872,99.08,93.87,100,96.77,93.26,94.26,92.13,98.44,0,0,0,1,0,0,5,5,898,0,7.9
Wales,Welsh Unitary Authority,Torfaen,759,8,0,95.07,94.07,2,0,43,69.77,320,94.38,73,97.26,313,99.36,98.34,100,100,97.87,97.96,98.21,95.76,2,0,0,0,0,2,5,2,302,0,3.4
Wales,Welsh Unitary Authority,Vale of Glamorgan,1345,90,35,97.38,90.69,2,0,65,87.69,525,96.19,179,98.88,449,100,75.73,100,99.28,77.66,23.94,94,81.15,4,6,0,0,0,2,8,4,403,3,6.7
Wales,Welsh Unitary Authority,Wrexham  ,1286,27,25,98.54,96.43,2,0,27,77.78,297,96.63,304,100,604,100,90.82,100,100,92.27,91.41,74.55,91.67,6,0,2,0,0,0,3,1,410,0,5
